Common_names,Clade1,Clade2,Family,Genus,Species,X1,Y1,X2,Y2,X3,Y3,X4,Y4,X5,Y5,X6,Y6,X7,Y7,X8,Y8,X9,Y9,Taxon group,Prey size
Hupehsuchus,Hupehsuchia,Hupehsuchia,Hupehsuchidae,Hupehsuchus,nanchangensis,-0.01596695,0.5941007,-0.1193376,-0.1565847,-0.1027755,-0.3049996,0.009199143,-0.227481,0.108583,-0.2970517,0.1085852,-0.142674,0.01716133,0.5941002,-0.003386762,-0.02274804,-0.002061824,-0.03666193,Hupehsuchia,unknown
right whale,Cetacea,Mysticeti,Balaenidae,Balaena,mysticetus,-0.0090545,0.3982567,-0.2317816,-0.1961449,-0.1742722,-0.3332293,0.004359871,-0.1777469,0.1848988,-0.3295834,0.2271976,-0.1820335,0.004726961,0.3970868,-0.002855667,0.3269076,-0.003219312,0.09648686,Mysticeti,tiny
right whale,Cetacea,Mysticeti,Balaenidae,Eubalaena,glacialis,-0.01215358,0.4146834,-0.204113,-0.2311418,-0.1153624,-0.2832127,0.008564261,-0.2592158,0.1198396,-0.2901512,0.1972747,-0.2316695,-0.000887181,0.4160968,-0.000157288,0.3576494,0.006994845,0.1069615,Mysticeti,tiny
right whale,Cetacea,Mysticeti,Balaenidae,Eubalaena,japonica,-0.01021923,0.442447,-0.1646191,-0.2422401,-0.07874506,-0.2825436,0.00489647,-0.2722195,0.08707999,-0.2773051,0.155291,-0.2317703,0.004456743,0.4409886,-0.002105868,0.374213,0.00396502,0.04843017,Mysticeti,tiny
right whale,Cetacea,Mysticeti,Balaenidae,Eubalaena,australis,-0.01117379,0.4315112,-0.19115,-0.2583388,-0.1255706,-0.2791532,-0.001459469,-0.2313171,0.1293605,-0.2778034,0.2031142,-0.2479598,0.002856387,0.4324171,-0.002324256,0.3304669,-0.003652978,0.100177,Mysticeti,tiny
rorqual,Cetacea,Mysticeti,Balaenopteridae,Balaenoptera,musculus,-0.008575594,0.4797714,-0.1431909,-0.2530531,-0.0908145,-0.2695808,0.001594708,-0.2356524,0.1009298,-0.2668733,0.1453171,-0.2517092,0.002272595,0.4788155,-0.002918889,0.3377547,-0.004614393,-0.01947281,Mysticeti,tiny
rorqual,Cetacea,Mysticeti,Balaenopteridae,Balaenoptera,brydei,-0.01626126,0.4214704,-0.1974467,-0.2433199,-0.1042373,-0.2758629,0.001306079,-0.2582023,0.1081892,-0.2764284,0.2058937,-0.2379348,0.0059861,0.4214111,-0.000631397,0.3618628,-0.002798493,0.08700403,Mysticeti,tiny
rorqual,Cetacea,Mysticeti,Balaenopteridae,Balaenoptera,edeni,-0.01078993,0.4239263,-0.2036608,-0.2474139,-0.1350684,-0.281705,0.002966597,-0.2268246,0.1384357,-0.2782594,0.2078813,-0.2396732,0.002070828,0.4230697,-0.002211566,0.3467626,0.000376325,0.08011745,Mysticeti,tiny
rorqual,Cetacea,Mysticeti,Balaenopteridae,Balaenoptera,acutorostrata,-0.01436878,0.4579491,-0.171269,-0.2493937,-0.1091106,-0.2864846,0.001162398,-0.2180434,0.112008,-0.2863054,0.1783169,-0.2441942,0.004306518,0.4580273,-0.000446918,0.3444596,-0.000598492,0.02398529,Mysticeti,tiny
rorqual,Cetacea,Mysticeti,Balaenopteridae,Balaenoptera,ricei,-0.01048167,0.4578136,-0.193907,-0.2455936,-0.1237275,-0.2729659,-0.002536999,-0.2359387,0.1328352,-0.2756233,0.2038532,-0.2413636,0.002415509,0.4563548,-0.005713035,0.3323869,-0.002737747,0.02492961,Mysticeti,tiny
rorqual,Cetacea,Mysticeti,Balaenopteridae,Balaenoptera,physalus,-0.01520888,0.4390865,-0.1549317,-0.2181098,-0.1169442,-0.328781,0.004008148,-0.1957798,0.1229707,-0.3276144,0.1535347,-0.2139392,0.005821135,0.4382733,-0.000531038,0.3642845,0.001281124,0.04257988,Mysticeti,tiny
rorqual,Cetacea,Mysticeti,Balaenopteridae,Balaenoptera,omurai,-0.01367951,0.5818372,-0.2223889,-0.1438901,-0.1323887,-0.2913423,0.00271916,-0.2598723,0.1293885,-0.2731022,0.1967694,-0.128815,0.000203442,0.5730656,0.01530471,0.001427106,0.02407194,-0.05930809,Mysticeti,tiny
rorqual,Cetacea,Mysticeti,Balaenopteridae,Balaenoptera,borealis,-0.008242008,0.5841232,-0.09078012,-0.1853251,-0.01864908,-0.2920044,0.001430556,-0.295736,0.02052916,-0.2937397,0.09358689,-0.180678,-0.000599143,0.5841575,0.001642744,0.0835498,0.001081,-0.004347433,Mysticeti,tiny
rorqual,Cetacea,Mysticeti,Balaenopteridae,Megaptera,novaeangliae,-0.007056837,0.5963572,-0.08237012,-0.1774021,-0.0106571,-0.2733463,0.00072437,-0.2782391,0.01501193,-0.2748679,0.08469519,-0.1729313,0.001143725,0.5965263,-0.001453751,0.02629135,-3.74E-05,-0.04238836,Mysticeti,tiny
rorqual,Cetacea,Mysticeti,Eschrichtidae,Eschrichtius,robustus,-0.008473506,0.5974919,-0.07902452,-0.1590882,-0.01302019,-0.2734406,0.001184341,-0.2743688,0.01381744,-0.274492,0.08210135,-0.1551322,0.001039822,0.6013473,0.000821637,0.01227533,0.001553631,-0.0745926,Mysticeti,tiny
pygmy right whale,Cetacea,Mysticeti,Cetotheriidae,Caperea,marginata,-0.004480408,0.5716972,-0.08520663,-0.1929808,-0.01197923,-0.2883003,0.004758588,-0.2896104,0.02093873,-0.2873263,0.07890555,-0.187222,0.000904077,0.5727592,-0.000878935,0.1601947,-0.002961741,-0.05921132,Mysticeti,tiny
oceanic dolphins,Cetacea,Odontoceti,Delphinidae,Cephalorhynchus,eutropia,-0.008405759,0.598417,-0.08063506,-0.1752418,-0.009077761,-0.2619774,0.003097269,-0.2628569,0.01525921,-0.2609278,0.07760543,-0.1791856,0.001888135,0.5994012,-0.00290992,0.02172768,0.003178448,-0.07935631,Odontoceti,middle
oceanic dolphins,Cetacea,Odontoceti,Delphinidae,Cephalorhynchus,commersonii,-0.00651521,0.6004135,-0.05897183,-0.1741138,-0.009908302,-0.2411142,0.001847569,-0.2419407,0.01499533,-0.2420911,0.0607657,-0.1734066,0.002472713,0.5996186,-0.00196716,-0.03081341,-0.002718799,-0.0965522,Odontoceti,middle
oceanic dolphins,Cetacea,Odontoceti,Delphinidae,Cephalorhynchus,heavisidii,-0.006497493,0.6025356,-0.06768851,-0.1660979,-0.04267292,-0.2445444,0.001895,-0.2561008,0.04749967,-0.242004,0.06925284,-0.1597934,0.004863297,0.6012525,-0.003449125,-0.06047759,-0.003202752,-0.07476993,Odontoceti,middle
oceanic dolphins,Cetacea,Odontoceti,Delphinidae,Cephalorhynchus,hectori,-0.01166312,0.599271,-0.08456624,-0.1189024,-0.007572049,-0.2797423,0.000344234,-0.2816164,0.008235833,-0.2815177,0.08702668,-0.1128092,0.004144763,0.5974956,0.002992453,-0.02013314,0.001057442,-0.1020455,Odontoceti,middle
oceanic dolphins,Cetacea,Odontoceti,Delphinidae,Delphinus,delphis,-0.00688528,0.5848254,-0.1264226,-0.1988669,-0.009021838,-0.2829092,0.003771813,-0.2839831,0.01830092,-0.2838827,0.1188207,-0.1960088,0.000669856,0.5848776,-0.000414977,0.06935272,0.001181358,0.006595012,Odontoceti,middle
oceanic dolphins,Cetacea,Odontoceti,Delphinidae,Feresa,attenuata,-0.0103281,0.5395906,-0.120182,-0.1696012,-0.04745544,-0.3237119,0.000769015,-0.3303089,0.05541499,-0.3232993,0.1191066,-0.1641683,0.002143057,0.5408353,-0.000244871,0.2225268,0.00077675,0.008136913,Odontoceti,middle
oceanic dolphins,Cetacea,Odontoceti,Delphinidae,Globicephala,melas,-0.0179774,0.5810919,-0.2208938,-0.1479925,-0.1186199,-0.2660222,-0.001344764,-0.2287568,0.1266158,-0.2641971,0.209805,-0.1488683,0.005449575,0.5819483,0.007611073,-0.03375984,0.009354397,-0.07344351,Odontoceti,middle
oceanic dolphins,Cetacea,Odontoceti,Delphinidae,Globicephala,macrorhynchus,-0.01046652,0.5599602,-0.09655747,-0.1493056,-0.03921633,-0.3293795,0.003562394,-0.3338214,0.04151656,-0.3278488,0.09815407,-0.1460051,0.000932029,0.5600422,0.001949975,0.1544301,0.000125292,0.01192778,Odontoceti,middle
oceanic dolphins,Cetacea,Odontoceti,Delphinidae,Grampus,griseus,-0.008582613,0.5881871,-0.1180937,-0.1612384,-0.01566684,-0.2952884,-0.000893387,-0.3022186,0.01872583,-0.2944275,0.116193,-0.1470308,0.001839406,0.588448,0.003914044,0.0889724,0.002564215,-0.06540393,Odontoceti,middle
oceanic dolphins,Cetacea,Odontoceti,Delphinidae,Lagenodelphis,hosei,-0.02794805,0.5598938,-0.1137766,-0.1676723,-0.06348361,-0.3069869,0.001045501,-0.3397726,0.07141571,-0.3050084,0.1176264,-0.1659864,0.02154065,0.5627545,-0.005470009,0.1626972,-0.00095005,8.10E-05,Odontoceti,middle
oceanic dolphins,Cetacea,Odontoceti,Delphinidae,Lagenorhynchus,albirostris,-0.009062153,0.5978612,-0.09848635,-0.1567758,-0.01889416,-0.2807529,0.002134284,-0.289154,0.02286358,-0.2826645,0.1020224,-0.1495791,0.004704849,0.599326,-0.002037092,0.01377751,-0.003245336,-0.05203834,Odontoceti,middle
oceanic dolphins,Cetacea,Odontoceti,Delphinidae,Lagenorhynchus,acutus,-0.0101454,0.5212999,-0.1580003,-0.1894076,-0.05186505,-0.3285776,0.000360941,-0.3241587,0.06254334,-0.3255708,0.1475128,-0.1627161,0.008366703,0.5220005,0.000949048,0.2447261,0.000277919,0.04240415,Odontoceti,middle
oceanic dolphins,Cetacea,Odontoceti,Delphinidae,Lagenorhynchus,obscurus,-0.006974214,0.5444986,-0.1453505,-0.1792387,-0.03231302,-0.3177568,0.002935597,-0.3350289,0.03932711,-0.3126358,0.1442534,-0.1700245,0.00148244,0.5465452,-0.001361486,0.1953615,-0.001999361,0.02827941,Odontoceti,middle
oceanic dolphins,Cetacea,Odontoceti,Delphinidae,Lagenorhynchus,cruciger,-0.004202948,0.5022827,-0.1363088,-0.1769049,-0.01873758,-0.3339542,0.003136266,-0.3364315,0.02745785,-0.3310133,0.152393,-0.1677925,0.004306839,0.5028725,-0.01443302,0.2634576,-0.01361155,0.07748355,Odontoceti,middle
oceanic dolphins,Cetacea,Odontoceti,Delphinidae,Lagenorhynchus,obliquidens,-0.005554836,0.5204226,-0.1686752,-0.1859799,-0.1196304,-0.2971686,0.00899597,-0.359183,0.1264656,-0.2933648,0.1671621,-0.1785191,0.001889754,0.5222514,-0.005039736,0.197738,-0.005613219,0.07380337,Odontoceti,middle
oceanic dolphins,Cetacea,Odontoceti,Delphinidae,Lagenorhynchus,australis,-0.009630944,0.5465738,-0.1773302,-0.1566702,-0.1300803,-0.2993969,0.001782263,-0.3610444,0.1384255,-0.2893384,0.174564,-0.1547457,0.001159174,0.5456827,0.000758118,0.1192701,0.00035241,0.04966896,Odontoceti,middle
oceanic dolphins,Cetacea,Odontoceti,Delphinidae,Orcinus,orca,-0.0126746,0.5161544,-0.1970235,-0.1485121,-0.09680234,-0.3188859,-0.001710588,-0.3686134,0.1083447,-0.3074747,0.1928021,-0.1528156,-0.000399829,0.5185916,0.005231406,0.2065203,0.002232566,0.05503543,Odontoceti,large
oceanic dolphins,Cetacea,Odontoceti,Delphinidae,Peponocephala,electra,-0.012559,0.5754564,-0.2209413,-0.1329745,-0.1280462,-0.2801951,-0.003581989,-0.2430481,0.1356121,-0.2838756,0.2216051,-0.134693,-0.000154365,0.5763227,0.004133673,-0.01439726,0.003932048,-0.06259554,Odontoceti,middle
oceanic dolphins,Cetacea,Odontoceti,Delphinidae,Pseudorca,crassidens,-0.01079327,0.5466042,-0.1782519,-0.1450813,-0.08479802,-0.321547,-0.00103658,-0.3485669,0.09452262,-0.3188472,0.1790581,-0.1501209,-0.001898047,0.5489708,0.001511303,0.1248066,0.001685868,0.06378175,Odontoceti,middle
oceanic dolphins,Cetacea,Odontoceti,Delphinidae,Sousa,teuszii,-0.008584457,0.5365277,-0.1854755,-0.1533648,-0.1114819,-0.3082172,0.008077047,-0.3652008,0.1175256,-0.3078982,0.1810272,-0.1445684,0.002579441,0.5372135,-0.00061752,0.1613424,-0.003049851,0.04416564,Odontoceti,middle
oceanic dolphins,Cetacea,Odontoceti,Delphinidae,Sousa,sahulensis,-0.005963596,0.5630082,-0.1900473,-0.1329554,-0.1270825,-0.2976929,0.005703777,-0.3480506,0.1330456,-0.2838661,0.1850194,-0.1209861,0.004097626,0.5661186,-0.003987156,0.0821933,-0.000785879,-0.02776896,Odontoceti,middle
oceanic dolphins,Cetacea,Odontoceti,Delphinidae,Sousa,plumbea,-0.005503486,0.4829306,-0.1766786,-0.18033,-0.1211485,-0.3082621,-0.000476718,-0.3669474,0.1233592,-0.2983913,0.177562,-0.1541379,0.001304196,0.4852356,-0.000411141,0.2819747,0.001993009,0.05792776,Odontoceti,middle
oceanic dolphins,Cetacea,Odontoceti,Delphinidae,Sotalia,,-0.004954831,0.4964776,-0.1686801,-0.1799084,-0.1029478,-0.3156813,7.94E-05,-0.3606455,0.1132918,-0.3093068,0.1617576,-0.1552091,0.003340104,0.4987854,-0.002176862,0.265463,0.000290602,0.0600251,Odontoceti,small
oceanic dolphins,Cetacea,Odontoceti,Delphinidae,Stenella,frontalis,-0.07344657,0.5022289,-0.1771272,-0.2071504,-0.04329122,-0.3093875,0.001357011,-0.3105001,0.05010179,-0.307468,0.1840468,-0.1933638,0.06944222,0.4961961,-0.00611547,0.2629307,-0.004967412,0.06651385,Odontoceti,middle
oceanic dolphins,Cetacea,Odontoceti,Delphinidae,Stenella,clymene,-0.01628529,0.536931,-0.2077033,-0.1805917,-0.1112662,-0.3519358,0.006367721,-0.2173762,0.1021481,-0.3458821,0.1997356,-0.1739203,-0.002611664,0.5371793,0.014171,0.1128565,0.0154441,0.08273928,Odontoceti,middle
oceanic dolphins,Cetacea,Odontoceti,Delphinidae,Stenella,attenuata,0.002137014,0.5259306,-0.1832372,-0.2669914,-0.1251794,-0.2921524,0.001415157,-0.2140069,0.1314695,-0.2745896,0.1777985,-0.2192509,0.008961408,0.5276581,-0.01071412,0.2100574,-0.002650869,0.003345106,Odontoceti,middle
oceanic dolphins,Cetacea,Odontoceti,Delphinidae,Stenella,longirostris,-0.007315857,0.5385168,-0.1821435,-0.1886654,-0.1370644,-0.3305465,0.00123222,-0.193795,0.1435712,-0.3309596,0.1823213,-0.1788053,0.000504939,0.5407726,-0.000832383,0.1829881,-0.000273444,-0.03950569,Odontoceti,middle
oceanic dolphins,Cetacea,Odontoceti,Delphinidae,Stenella,coeruleoalba,-0.006401935,0.5245531,-0.1491284,-0.2463598,-0.09747552,-0.2777057,0.000689193,-0.2220264,0.1049231,-0.2761227,0.1496884,-0.2416133,-0.000673589,0.5245709,-0.001759167,0.2591516,0.00013797,-0.04444772,Odontoceti,middle
oceanic dolphins,Cetacea,Odontoceti,Delphinidae,Steno,bredanensis,-0.01717343,0.5777668,-0.2201926,-0.1177187,-0.1244716,-0.2754281,0.002049561,-0.2608798,0.1284833,-0.2681611,0.2126711,-0.1104197,0.009928345,0.578411,0.001509046,-0.01999589,0.007196269,-0.1035745,Odontoceti,middle
oceanic dolphins,Cetacea,Odontoceti,Delphinidae,Tursiops,truncatus,-0.002380906,0.5230902,-0.1701466,-0.1931264,-0.07962724,-0.3279146,0.002871299,-0.2711925,0.1073633,-0.3267838,0.1517083,-0.1774873,0.007186436,0.5211326,-0.008159932,0.2602422,-0.008814659,-0.007960465,Odontoceti,middle
oceanic dolphins,Cetacea,Odontoceti,Delphinidae,Tursiops,aduncus,-0.0881463,0.4157581,-0.33838,-0.1313878,-0.06658254,-0.2935818,0.01482488,-0.324957,0.07626917,-0.2961548,0.3161999,-0.1365312,0.07471799,0.4172557,0.002769613,0.235775,0.008327282,0.1138238,Odontoceti,middle
Dwarf sperm whale,Cetacea,Odontoceti,Kogiidae,Kogia,sima,-0.0137453,0.3140207,-0.2105707,-0.1630049,-0.2283424,-0.3034859,0.003329132,-0.2353075,0.2320366,-0.2927654,0.2139172,-0.1554507,0.004981519,0.3148245,-0.002034568,0.3093534,0.000428497,0.2118157,Odontoceti,middle
Pygmy sperm whale,Cetacea,Odontoceti,Kogiidae,Kogia,breviceps,-0.01206662,0.3947031,-0.1497347,-0.2392638,-0.09467614,-0.2884637,-0.002137094,-0.255623,0.105875,-0.2957469,0.1539227,-0.2310717,0.003681171,0.3943463,-0.002760194,0.3821616,-0.002104139,0.1389582,Odontoceti,middle
Beluga,Cetacea,Odontoceti,Monodontidae,Delphinapterus,leucas,-0.01493686,0.5583616,-0.2565358,-0.1464068,-0.1297923,-0.2864416,0.003020515,-0.2561592,0.1351108,-0.2848548,0.2590039,-0.1398683,0.008202985,0.5582103,-0.001014755,0.01689052,-0.00305842,-0.01973176,Odontoceti,small
Narwhal,Cetacea,Odontoceti,Monodontidae,Monodon,monoceros,-0.013467,0.5859128,-0.1919777,-0.1602145,-0.1057952,-0.2969441,0.005830222,-0.2457952,0.1206916,-0.2873292,0.1824477,-0.1534027,0.01477361,0.5835082,-0.006935528,0.0261095,-0.005567639,-0.05184474,Odontoceti,middle
porpoises,Cetacea,Odontoceti,Phocoenidae,Neophocaena,phocaenoides,-0.01235526,0.4947459,-0.2249942,-0.2141216,-0.1848315,-0.3093457,0.002025169,-0.2319579,0.1868807,-0.3046015,0.2219041,-0.1926213,0.005759752,0.4949418,0.001424828,0.1586409,0.004186293,0.1043194,Odontoceti,middle
porpoises,Cetacea,Odontoceti,Phocoenidae,Neophocaena,asiaeorientalis,-0.003638324,0.580697,-0.1916378,-0.06829956,-0.04297146,-0.2893975,0.003045283,-0.2774796,0.04908264,-0.2893176,0.2018038,-0.05014124,0.008240912,0.5792225,-0.01197994,-0.07259791,-0.01194515,-0.112686,Odontoceti,middle
porpoises,Cetacea,Odontoceti,Phocoenidae,Phocoena,spinipinnis,-0.01224987,0.5885624,-0.2102255,-0.1379709,-0.05134659,-0.260822,0.001461267,-0.257572,0.05733755,-0.2637785,0.217228,-0.139343,0.004816568,0.5905144,-0.000711412,-0.05266912,-0.006309989,-0.06692141,Odontoceti,middle
porpoises,Cetacea,Odontoceti,Phocoenidae,Phocoena,phocoena,-0.01824247,0.5334314,-0.1851483,-0.234895,-0.101964,-0.3474222,-0.003872564,-0.2448638,0.1447259,-0.3107968,0.1422532,-0.1496051,0.05438353,0.5367779,-0.006516112,0.1570782,-0.02561924,0.06029547,Odontoceti,middle
porpoises,Cetacea,Odontoceti,Phocoenidae,Phocoena,dioptrica,-0.01487446,0.5631791,-0.2268021,-0.04307814,-0.04738532,-0.3082152,-0.000547886,-0.2978396,0.05478155,-0.3041585,0.2170571,-0.02828363,0.008567408,0.5650164,0.007824992,-0.0548594,0.001378691,-0.09176112,Odontoceti,middle
porpoises,Cetacea,Odontoceti,Phocoenidae,Phocoena,sinus,-0.006765953,0.5598279,-0.2253424,-0.0513545,-0.03598823,-0.3186334,0.00517531,-0.3064936,0.04916131,-0.3227863,0.2370211,-0.04414817,0.009027802,0.5612206,-0.008833076,-0.02075782,-0.02345581,-0.05687467,Odontoceti,middle
porpoises,Cetacea,Odontoceti,Phocoenidae,Phocoenoides,dalli,-0.001155202,0.5828147,-0.1836616,-0.07697087,-0.02982964,-0.2577112,0.008094195,-0.251197,0.04364309,-0.2575402,0.1943418,-0.07165615,0.01096906,0.5834754,-0.02039209,-0.1191756,-0.02200964,-0.1320391,Odontoceti,middle
sperm whale,Cetacea,Odontoceti,Physeteridae,Physeter,macrocephalus,-0.01433835,0.5381711,-0.2618663,-0.003323072,-0.03006962,-0.2733593,-0.000146537,-0.2732254,0.03683303,-0.2765804,0.2538591,0.000744709,0.003263463,0.5382498,0.01319459,-0.1077054,-0.000729343,-0.142972,Odontoceti,middle
La Plata dolphin,Cetacea,Odontoceti,Pontoporiidae,Pontoporia,blainvillei,-0.006239113,0.5526008,-0.2567838,-0.04840155,-0.04558186,-0.2482424,0.009886564,-0.2390972,0.06606018,-0.2445646,0.2717201,-0.05226364,0.01770362,0.5510054,-0.02047511,-0.109115,-0.03629064,-0.1619219,Odontoceti,middle
beaked whales,Cetacea,Odontoceti,Zhiphiidae,Berardius,minimus,-0.005194418,0.5065492,-0.3188869,-0.01764501,-0.0462194,-0.255942,0.00652127,-0.2371197,0.05816423,-0.2596492,0.3281842,0.001877771,0.01251001,0.5069218,-0.004411124,-0.09171559,-0.03066788,-0.1532771,Odontoceti,middle
beaked whales,Cetacea,Odontoceti,Zhiphiidae,Tasmacetus,shepherdi,-0.01675934,0.5428341,-0.2794956,-0.03700277,-0.06189066,-0.2574328,0.003025077,-0.2485711,0.06789873,-0.2577357,0.2739498,-0.02207083,0.01207433,0.5391615,0.01237063,-0.1061844,-0.01117296,-0.152998,Odontoceti,middle
beaked whales,Cetacea,Odontoceti,Zhiphiidae,Ziphius,cavirostris,-0.009391628,0.5807726,-0.2209859,-0.08975049,-0.03602542,-0.2627372,0.008958693,-0.2520229,0.04672353,-0.2556852,0.2178683,-0.09590233,0.006802156,0.5843419,0.000266123,-0.07754123,-0.01421579,-0.1314751,Odontoceti,middle
beaked whales,Cetacea,Odontoceti,Zhiphiidae,Indopacetus,pacificus,-0.01053666,0.5585594,-0.2344698,-0.0458651,-0.08885644,-0.2701492,0.003859964,-0.2694322,0.09021922,-0.2735603,0.2257543,-0.02152341,0.007035118,0.5602939,0.008968486,-0.1031327,-0.001974172,-0.1351904,Odontoceti,middle
beaked whales,Cetacea,Odontoceti,Zhiphiidae,Mesoplodon,europaeus,-0.00532128,0.5622261,-0.2404068,-0.05661784,-0.02530762,-0.2925001,0.003197282,-0.2771844,0.0470488,-0.2954204,0.2558501,-0.05357082,0.01485511,0.5640323,-0.02511275,-0.05024906,-0.02480288,-0.1007159,Odontoceti,middle
beaked whales,Cetacea,Odontoceti,Zhiphiidae,Mesoplodon,perrini,-0.01202238,0.5785121,-0.2262591,-0.176773,-0.1079612,-0.2528113,-0.003081304,-0.2363391,0.1211177,-0.2517568,0.2231607,-0.1762192,0.00474811,0.5794257,-0.000632314,0.005910827,0.000929658,-0.06994914,Odontoceti,middle
beaked whales,Cetacea,Odontoceti,Zhiphiidae,Mesoplodon,traversii,-0.01218082,0.57863,-0.2076686,-0.07299365,-0.04618773,-0.2866676,0.001897068,-0.2732838,0.03902636,-0.2873495,0.1956351,-0.05253558,0.000661589,0.5803772,0.01103642,-0.07865609,0.01778069,-0.1075209,Odontoceti,middle
beaked whales,Cetacea,Odontoceti,Zhiphiidae,Mesoplodon,eueu,-0.01034111,0.5634108,-0.2247177,-0.0464186,-0.06595617,-0.2822006,-0.005935829,-0.2798014,0.0642756,-0.2827179,0.2517838,-0.04087216,0.001651217,0.5632053,0.001041804,-0.07256416,-0.01180165,-0.1220412,Odontoceti,middle
fur seal,Pinnipedia,Pinnipedia,Otariidae,Arctocephalus,pusillus,-0.01145891,0.5801626,-0.2202594,-0.09408349,-0.04843129,-0.2992391,0.00619002,-0.2763916,0.04653461,-0.2922696,0.20961,-0.08202966,0.003023916,0.5818534,0.006545656,-0.05095479,0.008245466,-0.06704782,Pinnipedia,middle
fur seal,Pinnipedia,Pinnipedia,Otariidae,Arctocephalus,,-0.01761734,0.5594222,-0.231508,-0.03048768,-0.04892429,-0.3127625,-0.000422226,-0.2883976,0.05509327,-0.305632,0.229691,-0.02788864,0.01012414,0.5594742,-0.002611436,-0.04566292,0.006174872,-0.108065,Pinnipedia,middle
fur seal,Pinnipedia,Pinnipedia,Otariidae,Arctocephalus,gazella,-0.006726591,0.5708475,-0.2234482,-0.06121596,-0.02527424,-0.2791839,0.01004682,-0.2487224,0.03284944,-0.2781179,0.2413961,-0.06237042,0.01263829,0.5705574,-0.02428007,-0.08356953,-0.01720149,-0.1282248,Pinnipedia,middle
fur seal,Pinnipedia,Pinnipedia,Otariidae,Callorhinus,ursinus,-0.007511648,0.5628527,-0.2362418,-0.05099155,-0.03924585,-0.291816,0.000290277,-0.2674571,0.05759069,-0.2875145,0.2560184,-0.04922589,0.01545902,0.5627054,-0.02470979,-0.07203804,-0.02164923,-0.1065151,Pinnipedia,middle
sea lion,Pinnipedia,Pinnipedia,Otariidae,Eumetopias,jubatus,-0.01278797,0.5608544,-0.2647619,-0.1003472,-0.02818722,-0.3101551,0.008544962,-0.28223,0.05374896,-0.3082307,0.2721201,-0.09324096,0.02599663,0.5521205,-0.02727887,0.01109706,-0.0273947,-0.02986798,Pinnipedia,middle
sea lion,Pinnipedia,Pinnipedia,Otariidae,Neophoca,cinerea,-0.007010211,0.5812788,-0.1959918,-0.08817246,-0.08269514,-0.2931775,0.006149663,-0.2929236,0.0903201,-0.2927651,0.1997714,-0.08009777,0.006981107,0.5831231,-0.006854528,-0.03755037,-0.01067057,-0.07971507,Pinnipedia,middle
sea lion,Pinnipedia,Pinnipedia,Otariidae,Otaria,byronia,-0.007415409,0.5644584,-0.1821648,-0.04411562,-0.1239944,-0.2453786,0.003327621,-0.2797609,0.1330309,-0.2527626,0.1832105,-0.02871397,0.01091008,0.5619184,-0.01018489,-0.1163647,-0.006719647,-0.1592804,Pinnipedia,middle
sea lion,Pinnipedia,Pinnipedia,Otariidae,Phocarctos,hookeri,-0.000415936,0.5762294,-0.188147,-0.08435075,-0.1092458,-0.2718374,-0.006363399,-0.2900096,0.1389005,-0.2699187,0.2037805,-0.07499782,0.01380901,0.5763394,-0.02704089,-0.06887929,-0.02527703,-0.09257532,Pinnipedia,middle
sea lion,Pinnipedia,Pinnipedia,Otariidae,Zalophus,californianus,-0.01352359,0.5393429,-0.2953446,-0.1642449,-0.1139631,-0.2873934,0.000861582,-0.2365364,0.1223456,-0.2813565,0.2942308,-0.1589041,0.005972626,0.5377972,-0.001411114,0.06164291,0.000831891,-0.01034771,Pinnipedia,middle
walrus,Pinnipedia,Pinnipedia,Odobenidae,Odobenus,rosmarus,-0.005856577,0.5931354,-0.1666391,-0.1019835,-0.03811724,-0.2598408,0.001474906,-0.2522958,0.04702215,-0.2608659,0.1768006,-0.09579432,0.007353524,0.5932041,-0.009593322,-0.09969914,-0.01244495,-0.1158601,Pinnipedia,small
seal,Pinnipedia,Pinnipedia,Phocidae,Cystophora,cristata,-0.01095312,0.5736803,-0.1912589,-0.08272361,-0.1320456,-0.2515217,0.005077127,-0.2612886,0.1198267,-0.2684276,0.2136203,-0.07788315,0.000907868,0.5768433,-0.006482807,-0.09323435,0.001308418,-0.1154446,Pinnipedia,middle
seal,Pinnipedia,Pinnipedia,Phocidae,Erignathus,barbatus,0.003552581,0.5829822,-0.1877914,-0.08215833,-0.02278504,-0.253939,0.01045129,-0.2481127,0.04948086,-0.250951,0.2053524,-0.07873909,0.01801042,0.5801108,-0.03308933,-0.1151946,-0.04318184,-0.1339983,Pinnipedia,small
seal,Pinnipedia,Pinnipedia,Phocidae,Halichoerus,grypus,0.00082492,0.5872666,-0.1602449,-0.08296743,-0.03240438,-0.2567088,0.001321489,-0.2522775,0.05951405,-0.2571577,0.1768118,-0.08001723,0.01462016,0.5887312,-0.02710528,-0.1127257,-0.0333379,-0.1341435,Pinnipedia,small
seal,Pinnipedia,Pinnipedia,Phocidae,Histriophoca,fasciata,-0.00385142,0.5932287,-0.1612171,-0.09372726,-0.03396308,-0.2678917,0.007192062,-0.2577559,0.04418367,-0.2689507,0.1669585,-0.08936643,0.007514422,0.5932813,-0.01061967,-0.09303006,-0.01619736,-0.1157881,Pinnipedia,small
seal,Pinnipedia,Pinnipedia,Phocidae,Hydrurga,leptonyx,-0.005849137,0.5844515,-0.1958433,-0.08350582,-0.03526884,-0.2651892,0.005549362,-0.2473724,0.04365822,-0.2617385,0.2032462,-0.07645678,0.008780353,0.5830871,-0.007102418,-0.104177,-0.0171704,-0.1290989,Pinnipedia,small
seal,Pinnipedia,Pinnipedia,Phocidae,Leptonychotes,weddellii,-0.005783486,0.5824273,-0.1702583,-0.09516372,-0.1230448,-0.2422839,0.01446324,-0.2674845,0.1293955,-0.2486326,0.1853376,-0.0857291,0.01490625,0.579681,-0.01527579,-0.09657653,-0.02974016,-0.126238,Pinnipedia,small
seal,Pinnipedia,Pinnipedia,Phocidae,Lobodon,carcinophagus,-0.003888753,0.5928858,-0.1916973,-0.131594,-0.03050045,-0.2554491,0.01080184,-0.2473512,0.04867729,-0.2539642,0.1925764,-0.1214235,0.01607046,0.5942231,-0.01713206,-0.07663123,-0.02490738,-0.1006955,Pinnipedia,tiny
seal,Pinnipedia,Pinnipedia,Phocidae,Mirounga,angustirostris,-0.007094835,0.5796536,-0.1995787,-0.05889271,-0.03560901,-0.2839307,0.001415121,-0.2678648,0.0528736,-0.2834133,0.2063594,-0.05683886,0.01157608,0.5768216,-0.01775286,-0.07175893,-0.01218876,-0.1337759,Pinnipedia,middle
seal,Pinnipedia,Pinnipedia,Phocidae,Neomonachus,schauinslandi,-0.006527622,0.5928383,-0.1804328,-0.1353565,-0.08253598,-0.2403072,0.004082706,-0.2312123,0.09030438,-0.2420868,0.1827361,-0.1405888,0.001567849,0.594178,-0.004381094,-0.09030723,-0.004813549,-0.1071574,Pinnipedia,small
seal,Pinnipedia,Pinnipedia,Phocidae,Ommatophoca,rossii,-0.007555044,0.5378462,-0.28616,-0.1771559,-0.09673039,-0.2871429,0.004158275,-0.2547381,0.1044977,-0.285789,0.2943891,-0.1636073,0.007141427,0.5369451,-0.01083369,0.0696596,-0.008907341,0.02398229,Pinnipedia,middle
seal,Pinnipedia,Pinnipedia,Phocidae,Pagophilus,groenlandicus,-0.003014263,0.5919681,-0.183706,-0.1014415,-0.03687747,-0.2649293,0.01023528,-0.2548069,0.05803469,-0.2695896,0.1817961,-0.09989658,0.009774973,0.5919751,-0.006686333,-0.08249797,-0.02955697,-0.1107814,Pinnipedia,small
seal,Pinnipedia,Pinnipedia,Phocidae,Phoca,,-0.0212551,0.4979894,-0.3494035,-0.04167561,-0.05942266,-0.2890059,0.005220364,-0.2728998,0.07007511,-0.2901459,0.3529438,-0.03525504,0.01993232,0.5002129,-0.01211881,-0.01402877,-0.005971567,-0.05519128,Pinnipedia,small
seal,Pinnipedia,Pinnipedia,Phocidae,Pusa,hispida,-0.01053054,0.5174791,-0.3213394,-0.0745628,-0.07813136,-0.2831753,0.009746485,-0.2615851,0.1025754,-0.2860274,0.3429379,-0.05782119,0.03068287,0.518396,-0.03219277,-0.009224753,-0.04374864,-0.06347849,Pinnipedia,small
Gavialidae,Crocodylia,Crocodylia,Gavialidae,Gavialis,,-0.005092251,0.5910831,-0.1512103,-0.1138036,-0.01615771,-0.2426629,-3.52E-06,-0.2188688,0.02399208,-0.2460779,0.1595592,-0.09984442,0.008676063,0.5940988,-0.008726609,-0.1195001,-0.01103691,-0.1444242,Crocodilia,middle
Gavialidae,Crocodylia,Crocodylia,Gavialidae,Tomistoma,,-0.004883081,0.5638547,-0.2302831,-0.03292652,-0.04221863,-0.292726,0.005645542,-0.2667378,0.0680041,-0.2846612,0.2271579,-0.04467224,0.008883149,0.5646058,-0.01411476,-0.09625106,-0.01819109,-0.1104858,Crocodilia,middle
Alligatoridae,Crocodylia,Crocodylia,Alligatoridae,Alligator,sinensis,-0.00783874,0.4978607,-0.2460309,0.059883,-0.03930821,-0.2689615,0.01076785,-0.2583423,0.05931264,-0.2713064,0.2667814,0.05773386,0.02194387,0.4964159,-0.02615032,-0.1453878,-0.03947756,-0.1678955,Crocodilia,middle
Alligatoridae,Crocodylia,Crocodylia,Alligatoridae,Alligator,mississippiensis,-0.02162143,0.558905,-0.2606409,-0.163631,-0.0789297,-0.2941781,0.001165243,-0.2823463,0.06769716,-0.2929158,0.2611186,-0.1379275,0.008542967,0.557569,0.01166599,0.05740439,0.01100199,-0.002879609,Crocodilia,large
Alligatoridae,Crocodylia,Crocodylia,Alligatoridae,Caiman,latirostros,-0.01450472,0.5397491,-0.2662654,-0.05092781,-0.07381595,-0.3342056,-0.004190178,-0.3148731,0.08640091,-0.3302172,0.2595816,-0.03841726,0.008143054,0.535913,-0.002242113,0.0344459,0.006892806,-0.041467,Crocodilia,large
Alligatoridae,Crocodylia,Crocodylia,Alligatoridae,Paleosuchus,palpebrosus,-0.000708949,0.5527263,-0.2415579,-0.04935165,-0.06212529,-0.3209429,0.002883768,-0.3194078,0.09499183,-0.3143743,0.2333746,-0.03688327,0.01374335,0.5544718,-0.01933403,-0.0177752,-0.02126738,-0.04846286,Crocodilia,large
Alligatoridae,Crocodylia,Crocodylia,Alligatoridae,Paleosuchus,trigonatus,-0.004732141,0.5570313,-0.2280725,-0.04349849,-0.05141498,-0.3235387,0.007233367,-0.3027502,0.06272597,-0.3240014,0.2297248,-0.02503247,0.01066608,0.5578581,-0.01262398,-0.01652017,-0.0135066,-0.07954794,Crocodilia,large
Alligatoridae,Crocodylia,Crocodylia,Alligatoridae,Melanosuchus,niger,-0.0169117,0.5212653,-0.2915517,-0.1300891,-0.0273017,-0.3124996,0.002045639,-0.3030541,0.0280749,-0.3131984,0.3011862,-0.1367026,0.00031809,0.518657,0.002281114,0.110173,0.001859159,0.04544864,Crocodilia,large
Crocodylidae,Crocodylia,Crocodylia,Crocodylidae,Mecistops,leptorhynchus,-0.00674471,0.5471616,-0.2556882,-0.03573112,-0.04275524,-0.3213342,-0.001530438,-0.2998216,0.05550358,-0.3177418,0.2582559,-0.01548581,0.008442539,0.543643,-0.004288618,-0.03137734,-0.0111948,-0.06931272,Crocodilia,middle
Crocodylidae,Crocodylia,Crocodylia,Crocodylidae,Osteolaemus,tetraspis,-0.01020028,0.5377218,-0.2676271,-0.04926125,-0.05627217,-0.3287111,0.01300196,-0.3088865,0.06624898,-0.32898,0.2705769,-0.03587878,0.01662787,0.5391582,-0.01971592,0.003754849,-0.01264029,-0.0289172,Crocodilia,middle
Crocodylidae,Crocodylia,Crocodylia,Crocodylidae,Crocodylus,siamensis,-0.01311158,0.5767262,-0.2382992,-0.1383443,-0.0500384,-0.280696,0.00865996,-0.2714482,0.06720209,-0.2797839,0.2345875,-0.1327769,0.01820001,0.5823096,-0.01631378,-0.003545691,-0.01088663,-0.05244074,Crocodilia,middle
Crocodylidae,Crocodylia,Crocodylia,Crocodylidae,Crocodylus,porosus,6.14E-05,0.5677795,-0.2039763,-0.04750617,-0.03478059,-0.2721017,0.01024257,-0.2631265,0.04727323,-0.269732,0.215185,-0.02465602,0.01544281,0.5666888,-0.01408075,-0.1118644,-0.03536733,-0.1454815,Crocodilia,large
Crocodylidae,Crocodylia,Crocodylia,Crocodylidae,Crocodylus,niloticus,-0.006116368,0.5997012,-0.1260027,-0.142277,-0.03498254,-0.2280458,0.002588229,-0.2284085,0.03457953,-0.2301091,0.112147,-0.1237017,0.002219259,0.5982291,0.002378955,-0.1059422,0.01318861,-0.1394459,Crocodilia,large
Crocodylidae,Crocodylia,Crocodylia,Crocodylidae,Crocodylus,acutus,-0.00883706,0.5670577,-0.2249273,-0.05209057,-0.03643984,-0.2740894,0.002968462,-0.2586957,0.05103821,-0.2730995,0.2297653,-0.04425154,0.01519483,0.5689882,-0.02016245,-0.07605616,-0.008600139,-0.1577629,Crocodilia,large
sandhill crane,Gruiformes,Aves,Gruidae,Grus,canadensis,-0.007641854,0.5796737,-0.1819061,-0.07491443,-0.05907186,-0.2454355,0.003755492,-0.2316209,0.0621053,-0.2462885,0.1817659,-0.05751481,0.009455475,0.5781276,-0.005431024,-0.1189272,-0.00303138,-0.1830999,Bird,small
limpkin,Gruiformes,Aves,Aramidae,Aramus,guarauna,-0.009151911,0.5541948,-0.2791224,-0.06925405,-0.02377827,-0.2947674,0.008480432,-0.2761267,0.03408279,-0.2919812,0.2727484,-0.06536917,0.005290455,0.5562481,0.004267037,-0.02646919,-0.01281653,-0.08647521,Bird,small
wilson's snipe,Charadriiformes,Aves,Scolopacidae,Gallinago,delicate,-0.009744327,0.5829653,-0.1922749,-0.09174074,-0.02908407,-0.2403134,0.005554734,-0.2385287,0.03298836,-0.2382589,0.1685945,-0.07808366,0.004666025,0.585995,0.0073491,-0.1273219,0.01195052,-0.154713,Bird,small
black-necked stilt,Charadriiformes,Aves,Recurvirostridae,Himantopus,mexicanus,-0.0114467,0.5838516,-0.2062537,-0.0815114,-0.02942175,-0.2709578,0.003597634,-0.2648347,0.02876141,-0.2732956,0.1943069,-0.07675857,-0.000873955,0.5845683,0.008593286,-0.08368553,0.01273684,-0.1173764,Bird,small
whimbrel,Charadriiformes,Aves,Scolopacidae,Numenius,phaeopus,-0.01088545,0.5866363,-0.2025073,-0.1167085,-0.1065202,-0.261475,-0.002090118,-0.2316112,0.1149689,-0.2608324,0.2012685,-0.1133201,0.004384361,0.5835554,-0.000801441,-0.07224389,0.002182732,-0.1140007,Bird,small
scarlet ibis,Pelecaniformes,Aves,Threskiornithidae,Eudocimus,ruber,0.006923115,0.5696954,-0.2048811,-0.06141355,-0.0500121,-0.2387761,0.000966624,-0.2546447,0.08836786,-0.2351833,0.2164821,-0.06331006,0.01611211,0.5702031,-0.04734005,-0.1073304,-0.02661859,-0.1792405,Bird,small
brown palican,Pelecaniformes,Aves,Pelecanidae,Pelecanus,occidentalis,-0.001506938,0.5314514,-0.2648432,-0.02837202,-0.08344655,-0.3016044,0.001269041,-0.3045068,0.1279129,-0.2814616,0.2858237,-0.03185528,0.02935178,0.5351696,-0.05457647,-0.02170768,-0.03998428,-0.09711315,Bird,middle
roseate spoonbill,Pelecaniformes,Aves,Threskiornithidae,Platalea,ajaja,-0.006644832,0.5861252,-0.1926083,-0.08522088,-0.02863376,-0.2688277,0.005066132,-0.2584761,0.02928007,-0.2657455,0.2011049,-0.08200532,0.002886537,0.5861498,-0.003464307,-0.0781341,-0.006986425,-0.1338654,Bird,small
eurasian oystercatcher,Charadriiformes,Aves,Haematopodidae,Haematopus,ostralegus,-0.01032167,0.384672,-0.2111978,-0.1159814,-0.08920544,-0.355733,0.008745579,-0.352406,0.08835116,-0.3531764,0.2149743,-0.0913138,0.006044373,0.38432,-0.002340579,0.304371,-0.005049911,0.1952477,Bird,small
black-billed whistling duck,Anseriformes,Aves,Anatidae,Dendrocygna,autumnalis,-0.01022457,0.3730692,-0.2130009,-0.08406056,-0.04605511,-0.3739257,0.01118047,-0.3557387,0.06120426,-0.3691205,0.1925335,-0.06793715,0.008043754,0.3760602,-0.00186677,0.2842116,-0.001814706,0.2174416,Bird,small
northern shoveler,Anseriformes,Aves,Anatidae,Spatula,clypeata,-0.007920403,0.3551315,-0.203722,-0.1913523,-0.08702083,-0.3042619,-0.002770655,-0.3133071,0.1020752,-0.2962328,0.2091848,-0.1783766,0.004363357,0.3509118,-0.00578739,0.3166824,-0.008402018,0.260805,Bird,small
Chilean Flamingo,Phoenicopteriformes,Aves,Phoenicopteridae,Phoenicopterus,chilensis,-0.01257229,0.3394766,-0.2106396,-0.09619763,-0.09944428,-0.3576816,0.000882829,-0.319625,0.1148226,-0.3617559,0.208846,-0.09296706,0.002700203,0.342191,-0.002030002,0.3077114,-0.002565477,0.2388482,Bird,small
Puna Flamingo,Phoenicopteriformes,Aves,Phoenicopteridae,Phoenicoparrus,jamesi,-0.01094837,0.3871654,-0.2037035,-0.1143736,-0.04490976,-0.3644073,0.00338923,-0.3427799,0.05402549,-0.3621769,0.201696,-0.1018502,0.003533759,0.3895516,-0.001479093,0.2882167,-0.001603732,0.2206543,Bird,small
Greater Flamingo,Phoenicopteriformes,Aves,Phoenicopteridae,Phoenicopterus,roseus,-0.009441774,0.3882682,-0.2180409,-0.1073231,-0.1134933,-0.3672311,0.001848569,-0.3226679,0.1278559,-0.3652862,0.2212761,-0.09360385,0.006379638,0.3880499,-0.006996262,0.2787822,-0.009387974,0.2010118,Bird,small
Falkland steamer duck,Anseriformes,Aves,Anatidae,Tachyeres,brachypterus,-0.009960354,0.364231,-0.2121353,-0.047768,-0.1089843,-0.3874088,0.005107583,-0.3538816,0.1181274,-0.3732863,0.2014409,-0.02957469,0.004817662,0.3618136,0.001491227,0.2810931,9.51E-05,0.1847816,Bird,small
Alcidae(auk-murre),Charadriiformes,Aves,Alcidae,Uria,aalge,-0.007817291,0.5782294,-0.2168996,-0.1412611,-0.1326049,-0.281819,0.006884533,-0.2486349,0.1325931,-0.2850007,0.2098978,-0.1291805,0.000322043,0.5766955,0.002449288,-0.01598478,0.005175051,-0.05304392,Bird,small
Alcidae(auk-auklet),Charadriiformes,Aves,Alcidae,Aethia,psittacula,-0.009939418,0.3853519,-0.2004451,-0.08111223,-0.08422299,-0.372071,0.000495832,-0.3519305,0.0888077,-0.3775619,0.2092461,-0.06585217,0.00053548,0.3855746,-0.001388283,0.291217,-0.003089343,0.1863845,Bird,small
Sphenisciformes(Penguin),Sphenischiformes,Aves,Spheniscidae,Aptenodytes,forsteri,-0.01062975,0.4037011,-0.2029881,-0.1039969,-0.04277611,-0.3724956,0.001860807,-0.3465064,0.05185568,-0.3667451,0.2005451,-0.09218206,0.002912169,0.4016753,-0.002720711,0.3062393,0.001940933,0.1703104,Bird,small
Sphenisciformes(Penguin),Sphenischiformes,Aves,Spheniscidae,Pygoscelis,antarctica,-0.01554221,0.3894719,-0.2550123,-0.1544739,-0.06363554,-0.3274488,0.000234095,-0.3294881,0.07599751,-0.3249985,0.2428759,-0.1463691,0.002758508,0.3910571,0.006583145,0.281153,0.005740953,0.2210965,Bird,small
Sphenisciformes(Penguin),Sphenischiformes,Aves,Spheniscidae,Eudyptula,minor,-0.01549146,0.359003,-0.2963707,0.03698221,-0.04168564,-0.3669763,0.007693855,-0.3581744,0.04767015,-0.36872,0.2917374,0.04909491,0.007870433,0.3592658,-0.001747683,0.2368357,0.000323617,0.05268908,Bird,small
Sphenisciformes(Penguin),Sphenischiformes,Aves,Spheniscidae,Spheniscus,demersus,-0.009546409,0.425444,-0.236927,-0.1602962,-0.09750773,-0.3284115,0.004614791,-0.3233224,0.1151397,-0.3367147,0.2282313,-0.1487706,0.00463278,0.4253631,-0.003176863,0.2992088,-0.005460457,0.1474995,Bird,small
Sphenisciformes(Penguin),Sphenischiformes,Aves,Spheniscidae,Eudyptes,chrysolophus,-0.0285609,0.4506058,-0.2365991,-0.04659922,-0.06784822,-0.3831346,0.003022737,-0.3638615,0.07756332,-0.3786618,0.2248958,-0.03414659,0.01902187,0.4471294,0.00424203,0.2270858,0.004262488,0.08158272,Bird,small
Sphenisciformes(Penguin),Sphenischiformes,Aves,Spheniscidae,Eudyptes,sclateri,-0.0146517,0.3528612,-0.2472406,0.02368498,-0.06249377,-0.3832919,0.002743397,-0.3755116,0.07248899,-0.3780918,0.2408303,0.03232823,0.006118684,0.3529764,-0.003756021,0.2609357,0.005960697,0.1141088,Bird,small
Diving petrel,Procellariiformes,Aves,Procellariidae,Pelecanoides,georgicus,-0.01865837,0.4497427,-0.2132518,-0.04643194,-0.07866259,-0.37414,0.002911346,-0.3570457,0.09378007,-0.3691888,0.1932293,-0.03949052,0.009065944,0.4451768,0.00473123,0.2973523,0.006854841,-0.005974729,Bird,small
Diving petrel,Procellariiformes,Aves,Procellariidae,Pelecanoides,urinatrix,-0.027922,0.4054175,-0.2466717,-0.1401966,-0.1182393,-0.3466517,0.005897528,-0.3138537,0.126995,-0.342361,0.2303392,-0.1316045,0.01693847,0.4068771,0.000388885,0.2797889,0.01227398,0.1825842,Bird,small
Duckbilled platypus,Monotremata,Monotremata,Ornithorhynchidae,Ornithorhynchus,anatinus,-0.01320199,0.4781058,-0.2188331,-0.1678948,-0.05874785,-0.3372845,-1.31E-05,-0.3176945,0.07406754,-0.3331574,0.2175416,-0.1587368,0.008618342,0.4784674,-0.005412335,0.2792302,-0.004019153,0.07896465,Platypus,small
